74,75,1463,75,1463,75,1463,75,76,1860,1619,1620,1621,1860,1860,1860,1860,1860,1860,1860,1860,1860,1860,1860,1860,1860,1860,1464,1464,1464,1860,1860,1860,1860,1860,1860,1860,1860,1860,1860,1860,1860,1860,1860,1860,1860,1860,1860,1860,1860,1860,1860,1860
124,125,1513,125,1513,125,1513,125,126,1860,1669,1670,1671,1860,1860,1860,1860,2101,1860,1860,1860,1860,1860,2101,1860,1860,1860,1464,1464,1464,1860,1860,1860,1860,1860,1860,1860,1860,1860,1860,1860,1860,1860,1860,1860,1860,1860,1860,1860,1860,1860,1860,1860
174,175,1563,175,1563,175,1563,175,176,1622,1623,1720,1721,1860,1860,1860,1860,1860,1860,1860,1860,1860,1860,1860,1860,1860,1860,1716,1717,1718,1860,1860,1860,1860,1860,1860,1837,1860,1860,1860,1860,1860,1860,1860,1860,1860,1860,1860,1860,1860,1860,1860,1860
1860,1860,1860,1860,1860,1860,1860,1860,1860,1672,1673,1860,1860,1860,1860,1860,330,1860,1860,1860,2100,1860,1860,1860,1860,1860,1860,1766,1767,1768,1860,1860,1860,1860,1860,1860,1860,1860,1860,1860,1860,1860,1860,1860,1860,1860,1860,1860,1860,1860,1860,1860,1860
1860,1860,1860,1860,1860,1860,1860,1860,1860,1860,1860,1860,1860,1860,1860,1860,1860,1860,1860,1860,1358,1860,1860,1860,1860,1860,1860,1860,1860,1860,1860,1860,1860,1860,1860,1860,1860,1860,1860,1860,1860,1837,1860,1860,1860,1860,1860,1860,1860,1860,1860,1860,1860
1860,1860,1860,1860,1860,1860,1860,1860,1860,1860,1860,1860,1860,1860,1860,1860,1860,1860,2101,1358,1358,1860,330,1860,1860,1860,1860,1860,1860,1860,1860,1860,1860,1860,1860,1860,1860,1860,1860,1860,1860,1860,1860,1860,1860,1860,1860,1860,1860,1860,1860,1860,1860
1860,1860,1860,1860,1860,1860,1860,1860,1860,1860,1860,1860,1860,1860,1860,1860,1860,1860,1860,1860,2150,1358,1860,1860,1860,1860,1860,1860,1860,1860,1860,1860,1860,1860,1860,1860,1860,1860,1860,1860,1860,1860,1860,1860,1860,1860,1860,1860,1860,1860,1860,1860,1860
1860,1860,1860,1860,1860,1860,1860,1860,1860,1860,1860,1860,1860,1860,1860,1860,1860,1860,1860,1860,2200,1860,1860,1860,1860,1860,1860,1860,1860,1860,1860,1860,1860,1860,1860,1860,1860,1860,1464,1464,1464,1464,1464,1464,1464,1464,1860,1860,1860,1860,1860,1860,1860
1860,1860,1860,1860,1860,1860,1860,1860,1860,1464,1464,1464,1860,1860,1860,1860,1860,1860,1860,1860,2250,1860,1860,1860,1860,1860,1860,1860,1860,1860,1860,1860,1860,1860,1860,1464,1464,1464,1464,1860,1860,1860,1860,1427,1428,1464,1860,1860,1860,1860,1860,1860,1860
1860,1860,1860,1860,1860,1860,1860,1860,1529,1464,1464,1464,1860,1860,1860,1860,1860,1460,1460,1460,2200,1460,1460,1860,1860,1860,1860,1860,1860,1860,1860,1860,1860,1860,1860,1860,1427,1428,1860,1860,1464,1464,1464,1464,1464,1464,1860,1860,1860,1860,1860,1860,1860
1860,1860,1860,1860,1860,1860,1860,1860,1860,1719,1720,1721,1860,1860,1860,1860,1860,1860,1860,1860,2200,1860,1860,1860,1860,1860,1860,1860,1860,1860,1860,1860,1860,1860,1860,1860,1369,1370,1464,1464,1464,1464,1427,1428,1860,1860,1860,1860,1860,1860,1860,1860,1860
1860,1860,1860,1860,1860,1860,1860,1860,1860,1860,1860,1860,1860,1860,1860,1860,1860,1860,1860,1860,2200,1860,1860,1860,1860,1860,1860,1860,1860,1860,1860,1860,1860,1860,1860,1860,1419,1420,1427,1428,1860,1464,1860,1860,1860,1860,1860,1860,1626,1627,1860,1860,1860
1860,1860,1860,1860,1110,1860,1860,1860,1860,1860,1860,1860,1860,1860,1860,1860,1860,1860,1860,1860,2200,1860,1860,1860,1860,1860,1464,1464,1464,1529,1860,1860,1860,1860,1626,1627,1860,1860,1860,1860,1860,1464,1464,1860,1860,1860,1860,1860,1676,1677,1860,1860,1860
1860,1860,1529,1860,1860,1860,1860,1860,1860,1860,1860,1860,1860,1860,1860,1860,1860,1860,1860,1860,2200,1860,1860,1860,1860,1860,1464,1464,1464,1860,1860,1860,1860,1860,1676,1677,1860,1860,1860,1860,1860,1860,1464,1464,1464,1464,1464,1860,1860,1860,1860,1369,1370
1860,1860,1860,1860,1860,1860,1860,1860,1860,1860,1860,1860,1860,1860,1860,1860,1860,1860,1860,1860,1860,1860,1860,1860,1860,1860,1719,1720,1721,1828,1860,1860,1860,1860,1860,1860,1860,1860,1860,1860,1860,1860,1860,1427,1428,1464,1464,1860,1860,1860,1860,1419,1420
1860,1860,1860,1464,1464,1464,1860,1464,1464,1464,1860,1860,1860,1479,1860,1860,1860,1860,1860,1860,1860,1860,1860,1860,1860,1860,1860,1828,1828,1828,1860,1860,1860,1860,1860,1860,1860,1860,1860,1860,1860,1860,1860,1860,1860,1464,1464,1464,1464,1464,1860,1860,1860
1860,1860,1860,1464,1464,1464,1860,1464,1464,1464,1860,1860,1860,1860,1860,1860,1860,1860,1860,1860,1860,1860,1860,1860,1860,1860,1860,1828,1828,1828,1860,1860,1860,1464,1464,1464,1464,1860,1860,1860,1860,1860,1860,1860,1860,1860,1860,1427,1428,1860,1860,1860,1860
1860,1860,1860,1719,1720,1721,1860,1716,1717,1718,1860,1860,1860,1860,1860,1860,1860,1860,1860,1860,1860,1381,1860,1529,1860,1860,1860,1828,1828,1828,1524,1524,1860,1860,1427,1428,1860,1464,1464,1464,1860,1860,1860,1860,1860,1860,1860,1860,1860,1860,1860,1860,1860
1860,1860,1860,1860,1860,1860,1860,1766,1767,1768,1860,131,1860,1860,1860,1860,1860,1860,1860,1860,1860,1431,1860,1860,1860,1860,1860,1828,1828,1828,1524,1526,1464,1464,1860,1860,1860,1427,1428,1860,1860,1860,1860,1860,1860,1860,1860,1860,1860,1860,1860,1464,1464
1860,1860,1860,1860,1860,1860,1860,1860,1860,1860,1860,1860,1860,1860,1860,1860,1860,1860,1860,1860,1860,1860,1860,1860,1860,1860,1860,1860,1860,1526,1524,1860,1427,1428,1860,1860,1860,1860,1860,1860,466,467,467,467,468,1860,1860,1860,1860,1860,1860,1427,1428
1860,1464,1464,1464,1860,1860,1860,1860,1860,1860,1860,1860,1860,1860,1860,1860,1860,1860,1860,1860,1860,1860,1860,1564,1564,1564,1564,1860,1860,1524,1860,1464,1464,1860,1860,1860,1860,1860,1860,1860,516,517,517,517,518,1860,1860,1021,1860,1860,1860,1860,1860
1860,1464,1464,1464,1860,1860,1860,1860,1860,1860,1860,1860,1860,1860,1860,1860,1860,1860,1860,1860,1860,1479,1860,1860,1464,1464,1464,1860,1524,1524,1860,1427,1428,1860,1860,1464,1464,1860,1860,1860,566,567,567,567,568,1860,1860,1121,1860,1860,1860,1860,1860
1860,1719,1720,1721,1860,1860,1860,1421,1860,1860,1860,1860,1860,1860,1860,1860,1860,1860,1860,1860,1860,1860,1860,1860,1464,1464,1464,1860,1526,1524,1860,1860,1464,1464,1860,1427,1428,1860,1860,1860,369,419,369,419,369,1860,1860,1860,1860,1860,1860,1860,1860
1860,1860,1860,1860,1860,1860,1860,1860,1860,1860,1860,1860,1860,1860,1860,1860,1860,1860,1860,1860,1860,1379,1380,1860,1716,1717,1718,1860,1524,1524,1860,1860,1427,1428,1860,1860,1860,1860,1860,1860,1860,1860,1860,1860,818,1860,1860,1860,1860,1860,1860,1464,1464
1860,1860,1529,1860,1860,1860,1860,1860,1860,1860,1860,1860,466,468,1860,1860,1860,1860,1860,1860,1860,1429,1430,1860,1766,1767,1768,1860,1524,1524,1860,1626,1627,1860,1860,1860,1860,1022,1860,1860,1860,1879,1880,1881,1860,1860,1860,1860,1860,1860,1860,1427,1428
1860,1860,1860,1860,1860,1860,1860,1860,1860,1860,1860,1860,566,568,1860,1860,460,1860,1860,1860,1860,1860,1860,1860,1860,1860,1860,1860,1524,1526,1524,1676,1677,1860,1860,1860,1860,1122,1860,1860,1860,1929,1930,1931,1464,1464,1464,1464,1860,1860,1860,1524,1524
1860,1860,1860,1860,1860,1860,1860,1860,1860,1860,1860,1860,666,668,1860,1860,510,1860,1860,1860,1860,1860,1860,1860,1860,1860,1860,1860,1524,1860,1524,1860,1860,1464,1464,1860,1860,1860,1860,1860,1860,1929,1930,1931,1427,1428,1860,1860,1860,1860,1860,1860,1524
1860,1860,1860,1860,1421,1860,1860,1860,1860,1860,1860,1860,1860,1860,1860,1860,510,1860,1860,1860,1860,1860,1860,1860,1860,1860,1877,1877,1524,1860,1524,1524,1860,1427,1428,1860,1860,1860,1860,1860,1860,1929,1930,1931,1860,1860,1860,1860,1860,1860,1464,1464,1524
1860,1860,1860,1860,1860,1860,1860,1860,1860,1860,1860,1860,1860,1860,1860,1860,510,1860,1860,1860,1860,1860,1860,1860,1860,1877,1877,1877,1524,1524,1524,1526,1860,1860,1860,1860,1464,1464,1464,1860,1860,1929,1930,1931,1860,1860,1860,1860,1860,1860,1427,1428,1860
1860,1860,1860,1860,1860,1860,1860,1860,1860,1860,1860,1860,1860,1860,1860,1860,510,1860,1860,1860,1860,1860,1860,1860,1860,1860,1877,1877,1877,1860,1860,1524,1524,1524,1860,1860,1427,1428,1860,1860,1860,1929,1930,1931,1860,1860,1860,1626,1627,1860,1860,1860,1524
1860,1860,1860,1860,1860,1860,1860,1860,1860,1860,1564,1464,1464,1464,1860,1860,510,1860,1860,1860,1860,1860,1464,1464,1464,1860,1860,1860,1860,1860,1464,1860,1860,1526,1524,1524,1860,1860,1860,1860,1464,1979,1980,1981,1464,1464,1860,1676,1677,1860,1524,1524,1524
1860,1860,1860,1860,1860,1775,1860,1860,1860,1860,1564,1464,1464,1464,1860,1860,1421,460,1860,1860,1860,1860,1464,1464,1464,1860,1860,1860,1860,1860,1422,1860,1464,1860,1860,1860,1524,1524,1860,1860,1464,1464,1860,1860,1427,1428,1860,1860,1524,1524,1524,1860,1860
1860,1860,1860,1860,1860,1860,1860,1860,1860,1860,1564,1716,1717,1718,1860,1860,1860,510,1860,1860,1860,1860,1719,1720,1721,1860,1464,1860,1860,1860,1860,1860,1423,1860,1860,1860,1371,1860,1524,1524,1860,1524,1524,1524,1524,1524,1524,1524,1524,1860,1860,1860,1860
1860,1860,1860,1860,1860,1860,1860,1860,1860,1860,1564,1766,1767,1768,1860,1860,1860,510,1860,1860,1860,1860,1860,1860,1860,1860,1423,1860,1860,1860,1860,1860,1860,1860,1860,1860,1860,1860,1860,1524,1524,1524,1524,1524,1524,1524,1524,1524,1860,1860,1464,1860,1860
1860,1860,1860,1860,1860,1860,1860,1860,1860,1860,1564,1564,1564,1860,1860,1860,1860,510,1860,1860,1860,1860,1860,1860,1860,1860,1860,1860,1860,1371,1464,1464,1464,1877,1860,1860,1860,1860,1860,1860,1860,1371,1860,1860,1464,1860,1860,1860,1860,1860,1422,1860,1860
1860,1860,1421,1860,1860,1860,1860,1860,1860,1860,1529,1860,1860,1860,1860,1860,1860,510,1860,1860,1860,1860,1860,1860,1860,1860,1860,1860,1860,1860,1860,80,81,1877,1877,1860,1860,1860,1860,1860,1860,1860,1860,1860,1423,1860,1860,1860,1860,1860,1860,1860,1860
1860,1860,1860,1860,1860,1860,1860,1860,1860,1860,1860,1860,1860,1860,1464,1464,1464,1860,460,1860,1860,1860,1860,1860,1421,1860,1860,1860,1860,1860,1860,1860,1877,1877,1877,1860,1464,1860,1860,1860,1860,1860,1860,1860,1860,1860,1464,1464,1464,1464,1860,1860,1860
1860,1860,1860,1860,1860,1860,1860,1860,1860,1860,1860,1860,1860,1860,1464,1464,1464,1860,1860,1860,1860,1860,1860,1860,1860,1860,1860,1860,1860,1860,1860,1860,1877,1877,1877,1860,1422,1860,1860,1860,1421,1860,1860,1860,1464,1860,1860,80,81,1877,1860,1860,1464
1860,1860,1860,1860,1860,1860,1860,1860,1860,1860,1464,1464,1464,1860,1719,1720,1721,1860,1824,1860,1860,1860,1860,1860,1826,1860,1860,1860,1860,1860,1860,1524,1877,1877,1877,1877,1860,1877,1877,1860,1860,1860,1860,1860,1422,1860,1860,1877,1877,1877,1860,1860,1423
1860,1860,1860,1860,1860,1860,1860,1860,1860,1860,1464,1464,1464,1860,1860,1860,1860,1860,1874,1875,1875,1875,1875,1875,1876,1860,1860,1860,1860,1860,1860,1524,1860,1860,1860,1464,1464,1464,1464,1877,1524,1524,1860,1860,1860,1860,1860,1877,1877,1877,1860,1860,1860
1860,1860,1860,1860,1860,1860,1775,1860,1860,1860,124,125,126,1860,1860,1860,1860,1860,1924,1925,1925,1925,1925,1925,1926,1860,1860,1860,1860,1860,1524,1524,1860,1464,1860,1877,80,81,1877,1877,1524,1524,1524,1860,1860,1860,1860,1877,1877,1877,1860,1860,1860
1860,1860,1860,1860,1860,1860,1775,1860,1860,1860,174,175,176,1860,1860,1860,1860,1860,1974,1975,1975,1975,1975,1975,1976,1860,1860,1860,1860,1860,1524,1860,1860,1422,1860,1877,1877,1877,1877,1877,1524,1860,1860,1860,1860,1860,1860,1877,1877,1464,1464,1860,1860
1860,1860,1421,1860,1860,1860,1860,1860,1860,1860,1860,1860,1860,1860,1110,1860,1860,1860,1860,1860,1860,1860,1860,1860,1860,1860,1860,1860,1860,1860,1524,1524,1860,1860,1860,1860,1877,1877,1524,1524,1524,1860,1860,1860,1371,1860,1860,1877,1877,80,81,1860,1860
1860,1860,1860,1860,1860,1860,1860,1860,1860,1860,1860,1860,1860,1860,1860,1860,1860,1860,1860,1860,1860,1860,1860,1860,1860,1860,1860,1860,1860,1860,1860,1524,1524,1860,1524,1524,1524,1524,1524,1860,1860,1860,1860,1860,1860,1860,1860,1860,1877,1860,1860,1860,1860
1860,1860,1860,1860,1860,1860,1860,1860,1421,1860,1860,1860,1860,1860,1860,1860,1860,1860,1860,1860,1860,1860,1860,1860,1860,1379,1380,1877,1877,1877,1860,1860,1524,1524,1524,1860,1877,1877,1860,1860,1860,1860,1860,1860,1860,1860,1860,1877,1877,1860,1860,1860,1860
1860,1860,1860,1860,1860,1860,1860,1860,1860,1860,1860,1860,1860,1860,1860,1860,1860,1860,1860,1860,1860,1860,1860,1860,1860,1429,1430,1877,1877,1877,1877,1860,1860,1860,1877,1877,1877,1860,1860,1860,1860,1860,1860,1860,1860,1860,1860,1877,1877,1860,1860,1860,1860
1860,1860,1860,1860,1860,1860,1860,1860,1860,1860,1860,1860,1860,1860,1860,1860,1860,1860,1421,1860,1860,1860,1860,1860,1860,1860,1860,1877,1877,1877,1877,1877,1877,1877,1877,1860,1860,1860,1860,1860,1860,1860,1860,1860,1877,1877,1877,1877,1877,1860,1860,1860,1860
1860,1860,1860,1860,1860,1860,1860,1860,1860,1860,1860,1860,1529,1860,1860,1860,1860,1860,1860,1860,1860,1860,1860,1860,1860,1860,1860,1877,1877,1877,1877,1877,1877,1860,1860,1860,1860,1860,1860,1860,1860,1860,1860,1877,1877,1877,1877,1877,1860,1860,1860,1860,1860
1860,1860,1860,1775,1860,1860,1860,1860,1860,1860,1860,1860,1860,1860,1860,1860,1860,1860,510,1860,1860,1860,1860,1860,1860,1860,1860,1860,1860,1860,1860,1860,1877,1877,1877,1860,1860,1860,1860,1860,1860,1860,1860,1877,1877,1877,1877,1877,1860,1860,1860,1860,1860
1860,1860,1860,1860,1860,1860,1860,1860,1860,1860,1860,1860,1860,1860,1860,1860,1860,1860,510,1860,1860,1860,1860,1860,1860,1381,1860,1860,1860,1860,1612,1612,1612,1860,1877,1877,1877,1877,1877,1860,1860,1860,1860,1877,1877,1877,1877,1877,1860,1860,1860,1860,1860
1860,1421,1860,1860,1860,1860,1860,1860,1860,1860,1860,1860,1110,1860,1860,1860,1860,1860,510,1860,1860,1860,1860,1860,1860,1431,1860,1860,1860,1860,77,78,79,1860,1860,1860,1860,1860,1877,1877,795,1877,1877,1877,1464,1464,1464,1860,1860,1860,1860,1860,1860
1860,1860,1860,1860,1860,1860,1860,1860,1860,1860,1860,1860,1860,1860,1860,1860,1860,1860,1860,459,460,1860,1860,1860,1860,1860,1860,1860,1860,1860,127,128,129,1860,1860,1860,1860,1860,1860,1860,1860,1860,1860,1860,80,81,1877,1860,1860,1860,1860,795,1860
1860,1860,1860,1860,1860,1860,1860,1860,1860,1860,1860,1860,1860,1860,1860,1860,1860,1860,1860,1860,510,1860,1860,1860,1860,1860,1860,1860,1860,1860,1860,1860,1860,1860,1860,1860,1860,1860,1860,1860,1860,1860,1860,1860,1860,1860,1860,1860,1860,1860,1860,1860,1860
1860,1860,1860,1860,1860,1860,1521,1522,1523,1860,1860,1860,1860,1860,1529,1860,1860,1860,1477,1478,510,1860,1860,1860,1860,1860,1860,1860,1860,1860,1860,1860,1860,1860,1860,1860,180,1860,1860,1860,1860,1860,1860,1860,1860,1860,1860,1860,1860,1860,1860,1860,1860
1860,1860,1775,1421,1860,1860,1860,1860,1860,1860,1860,1860,1860,1860,1860,1860,1860,1860,1860,1860,510,1860,1860,1860,1860,1860,1860,1860,1860,1860,1860,1860,1860,795,1860,1860,1860,1860,1860,1860,1860,1612,1612,1612,1612,1860,1860,1860,1860,1860,1860,1860,1860
1860,1860,1860,1860,1860,1860,1860,1860,1860,1860,1860,1860,1860,1860,1860,1860,1860,1860,1860,1860,510,1860,1860,1860,1860,1421,1860,1860,1860,1860,1860,1860,1860,1860,1860,1860,1860,1187,1860,1860,1860,77,78,79,1860,1860,1860,795,1860,1860,1860,1860,1860
1860,1860,1860,1860,1860,1860,1860,1110,1860,1860,1860,1612,1612,1612,1860,1860,1860,1860,1860,1860,510,1860,1860,1860,1860,1860,1860,1860,1860,1860,1860,1860,1860,1860,1860,1860,1860,1237,1860,795,1860,127,128,129,1860,180,1860,1860,1860,1860,1860,1860,1860
1860,1860,1860,1860,1860,1860,1860,1860,1860,1860,1860,77,78,79,1860,1860,1860,1860,1860,1860,510,1860,1860,1860,1860,1860,1860,1860,1860,1860,1860,130,1860,1860,1860,1860,1860,1860,1860,1860,1860,1860,1860,1860,1860,1860,1860,1860,1860,1860,1860,1860,1860
1860,1860,1860,1860,1860,1860,1860,1860,1860,1860,1860,127,128,129,1860,1860,1860,1860,1860,1860,510,1860,1860,1860,1860,1860,1860,1860,1860,1860,1860,1860,1860,1860,795,1860,1860,1860,1860,1860,1860,1860,1860,1860,1860,1860,1860,1860,1860,1860,1860,1860,1860
1860,1860,1860,1860,1860,1860,1860,1860,1860,1860,1860,1860,1860,1860,1860,1860,1860,1860,1860,1860,510,1860,1860,1860,1860,1477,1478,1860,1860,1860,1612,1612,1612,1860,1860,1860,1860,1860,1860,1860,1860,1860,1860,1860,1860,1860,1860,1860,1464,1464,1860,1860,1860
1860,1860,1860,1860,1860,1860,1464,1464,1464,1860,1860,1860,1860,1860,1860,1860,1860,1860,1860,1860,1860,460,1860,1860,1860,1860,1860,1860,1860,1860,77,78,79,1860,1860,1860,1860,1860,1860,1860,1860,1860,1860,1860,1860,1860,1860,1860,80,81,1860,1860,1860
1860,1860,1860,1860,1860,1860,1464,1464,1464,1860,1860,1860,1860,1860,1860,1860,1860,1529,1860,1860,1860,510,1860,1860,1860,1860,1860,1860,1860,1860,127,128,129,1860,1860,1860,280,1860,1860,1860,1860,1860,1860,180,1860,1860,1860,1860,1860,1464,1464,1464,1860
1860,1860,1860,1860,1860,1860,124,125,126,1860,1860,1860,1860,1860,1860,1860,1860,1860,1860,1421,1860,510,1860,1860,1860,1860,1860,1860,1860,1860,1860,1860,1860,1860,1860,1860,1860,1860,1860,1860,1860,1860,1860,1860,1860,1860,1860,1860,1860,1464,1464,1464,1860
1860,1860,1860,1860,1860,1860,174,175,176,1860,1860,1860,1860,1860,1860,1860,1860,1860,1860,1860,1860,510,1860,1860,1860,1860,1860,1860,1860,1860,1860,795,1860,1860,280,1860,1860,1860,1860,280,1860,1860,281,1464,1860,1860,795,1860,1860,550,601,552,1860
1860,1860,1110,1860,1860,1860,1860,1860,1860,1860,1860,1860,1860,1860,1860,1860,1860,1860,1860,1860,1860,510,1860,1860,1860,1860,1860,1860,1860,1860,1860,1860,1860,1860,1860,1860,1860,1110,1860,1860,1860,1860,1860,745,1860,1860,1860,1860,1860,650,651,652,1860
1860,1860,1860,1860,1860,1529,1860,1860,1860,1860,1860,1860,1860,1860,1860,1860,1860,1860,1860,1860,1860,510,1860,1860,1860,1860,1860,1860,1860,1860,1860,1860,1860,1860,1860,281,1860,1860,1860,1860,1860,1860,1110,1860,1860,1860,1860,1860,1860,700,701,702,1860
1860,1860,1860,1860,1860,1860,1860,1860,1860,1860,1110,1860,1529,1860,1860,1860,1860,1860,1860,1477,1478,510,1860,1860,1860,1860,1860,1860,1860,1860,1860,1860,1860,1860,1860,1860,1860,1860,280,1860,1860,795,1860,1860,1860,1860,693,694,1860,750,438,752,1860
1860,1860,1860,1860,1860,1860,1860,1860,1860,1860,1860,1860,1860,1860,1860,1860,1860,1860,1860,1860,1860,510,1860,1860,1860,1860,1860,1860,1860,1860,1860,1860,1860,1860,1860,1860,1860,1860,1860,1860,1860,1860,1860,1860,1860,1860,743,744,645,800,488,802,1860
1110,1860,1860,1860,1860,1860,1860,1860,1860,1860,1860,1860,1860,1860,1860,1860,1860,1860,1860,1860,1860,1860,459,460,1860,1860,1860,1860,1860,1860,1860,1860,1860,1860,1860,1860,1860,1860,1860,1860,1860,1860,1860,1860,1860,1860,1860,1860,1860,1860,538,1860,1860
1860,1860,1860,1860,1860,1612,1612,1612,1860,1860,1860,1860,1860,1860,1860,1860,1860,1860,1860,1860,1860,1860,1860,510,1860,1860,1860,1860,1860,1860,1860,1860,1860,1860,1860,1860,1860,1860,1860,280,1860,1464,1860,643,644,1860,1860,1860,1860,1860,1860,1860,1860
1860,1860,1860,1860,1860,77,78,79,1860,1860,1860,1860,1860,1860,1860,1860,1860,1860,1860,1860,1860,1860,1860,510,1860,1860,1860,1860,1860,1860,1860,1860,124,125,126,1860,1860,1860,1860,1860,1860,742,643,644,1860,1860,1860,1860,1860,1860,1860,1860,1860
1860,1860,1860,1860,1860,127,128,129,1860,1860,1860,1860,1860,1860,1472,1860,1110,1860,1860,1860,1860,1860,1860,510,1860,1860,1860,1860,1860,1860,1860,1860,174,175,176,1860,1860,1860,1860,1860,1860,1860,1860,1860,1860,795,1860,1860,1860,1860,1860,1860,1860
1860,1860,1860,1860,1860,1860,1860,1860,1860,1860,1860,1860,1860,1860,1860,1860,1860,1860,1860,1860,1860,1860,1860,510,1860,1860,1860,1860,1860,1860,1860,1860,1860,1860,1860,1860,1860,1860,795,1860,1860,1860,1860,1860,1860,1860,1860,1860,1860,1860,1860,1860,1860
1860,1860,1860,1860,1860,1860,1110,1860,1860,1860,1860,1860,1860,1860,1860,1860,1860,1860,1860,1860,1860,1860,1860,1860,460,1860,1860,1860,1860,1860,1860,1860,1860,1860,1860,1860,1860,1860,1860,1860,1860,1860,1860,1860,1860,1860,1860,1860,1860,1860,1860,1860,1860
1860,1521,1522,1523,1860,1860,1860,1860,1860,1860,1860,1529,1860,1860,1860,1860,1860,1860,1860,1860,1860,1860,1860,1860,510,1860,1860,1860,1860,1860,1860,1860,1860,1860,1860,1860,1860,1860,1860,1860,1860,1860,1860,1860,1860,1860,1860,1860,124,125,126,1860,1860
1860,1860,1860,1860,1860,1860,1860,1860,1860,1860,1860,1860,1860,1860,1860,1860,1860,1860,1860,1860,1860,1860,1860,1860,510,1860,1860,1860,1860,1860,1860,1860,1860,1860,1860,1860,124,125,126,1860,1860,1860,124,125,126,1860,1860,1860,174,175,176,1860,1860
1860,1860,1860,1860,1860,1860,1860,1860,1860,1860,1860,1860,1860,1860,1860,1860,1860,1860,1860,1860,1860,1860,559,559,560,1860,1860,1860,1860,1860,1860,1860,1860,1860,1860,1860,174,175,176,1860,1860,1860,174,175,176,1860,1860,1860,1860,1860,1860,1860,1860
1860,1860,1860,1860,1860,1860,1860,1860,1860,1860,63,64,65,1860,1860,1464,1464,1464,1860,1860,1860,609,609,609,610,1860,1860,1860,1860,1860,1860,1860,1860,1860,1860,1860,1860,1860,1860,1860,1860,1860,1860,1860,1860,1860,1860,1860,1860,1860,1860,1860,1860
1860,1860,1860,1860,1464,1860,1860,1860,1860,1860,113,114,115,1860,1860,1464,1464,1464,1860,1860,1860,1860,1860,1860,1421,1860,1860,1860,1860,1860,1860,1860,1860,1860,1860,1860,1860,1860,1860,1860,1860,1860,1860,1860,1860,795,1860,1860,1860,1860,1860,1860,1860
1860,1860,1860,1860,1860,1860,1860,1860,1860,1860,1860,1860,1860,1860,1860,124,125,126,1860,1860,1860,1860,1860,1860,1860,1860,1860,1860,1860,1860,1860,1860,1860,1860,1860,1860,1860,1860,1860,124,125,126,1860,1860,1860,1860,1860,1860,1860,1860,1860,1860,1860
1860,1860,1612,1612,1612,1860,1860,1860,1860,1860,1860,1860,1860,1860,1860,174,175,176,1860,1860,1860,1860,1860,1860,1860,1860,1860,1860,1860,1860,1860,1860,1860,1860,1860,1860,1860,1860,1860,174,175,176,1860,1860,1860,1860,1860,1860,1860,124,125,126,1860
1860,1860,77,78,79,1860,1860,1860,1860,1860,1860,1860,1860,1860,1860,1860,1860,1860,1860,1860,1860,1860,1860,1860,1860,1860,1860,1860,1860,1860,1860,1860,1860,1860,1860,1860,1860,1860,1860,1860,1860,1860,1860,1860,1860,1860,1860,1860,1860,174,175,176,1860
1860,1860,127,128,129,1860,1860,1860,1860,1860,1860,1860,1860,1860,1860,1860,1860,1860,1860,1860,1860,1860,1860,1860,1477,1478,1860,1860,1860,1860,1860,1860,1860,1860,1860,1860,1860,1860,1860,1860,1860,1860,1860,1464,124,125,126,1860,1860,1860,1860,1860,1860
1860,1860,1860,1860,1860,1860,1860,1860,1472,1860,1860,1860,1860,1860,1860,1860,1860,1860,1860,1860,1860,1860,1860,1860,1860,1860,1860,1860,1860,1860,1860,1860,1860,1860,1860,1860,1860,1860,1860,1860,1860,1860,1860,1860,174,175,176,1860,1860,1860,1860,1860,1860
1860,1860,1860,1860,1860,1860,1860,1860,1860,1860,1860,1860,1860,1860,1529,1860,1860,1860,1860,1860,1860,1860,1860,1860,1860,1860,1860,1860,1860,1860,1860,1860,1860,1860,1860,1860,1860,1860,1860,1860,1860,124,125,126,1860,1860,1860,1860,1860,1860,1860,1860,1860
1860,1860,1860,1860,1860,1860,1860,1860,1860,1860,1860,1860,1860,1860,1860,1860,1860,1860,1860,1860,1860,1860,1860,1860,1860,1860,1860,1860,1860,1860,1860,1860,1860,1860,1860,1860,1860,1860,1860,1860,1860,174,175,176,1860,1860,1860,124,125,126,1860,1860,1860
1860,1860,1860,1860,1860,1860,1860,1860,1860,1860,1860,1860,1860,1860,1860,1860,1860,1472,1860,1860,1860,1860,1860,1860,1860,1860,1860,1860,1860,1860,1860,1860,1860,1860,1860,1860,1860,1860,1860,1860,1860,1860,1860,1860,1860,1860,1860,174,175,176,1860,124,125
1860,1860,1860,1860,1860,1529,1860,1860,1860,1860,1860,1860,1860,1860,1860,1860,1860,1860,1860,1860,1860,1860,1860,1860,1860,1860,1860,1860,1860,1860,1860,1860,1860,1860,1860,1860,1860,1860,1860,1860,1860,1860,1860,1860,1860,1860,1860,1860,1860,1860,1860,174,175
1860,1860,1860,1860,1860,1860,1860,1860,1860,1860,1860,1464,1464,1464,1860,1860,1860,1860,1860,1860,1860,1860,1860,1860,1860,1860,1860,1860,1860,1860,1860,1860,1860,1860,1860,1860,1860,1860,1860,1860,1860,1860,1860,1860,1860,1860,1860,1860,1860,1860,1860,1860,1860
1860,1860,1860,1529,1860,1860,1860,1860,1860,1860,1860,1464,1464,1464,1860,1860,1860,1860,1860,1860,1860,1521,1522,1523,1860,1860,1860,1860,1860,1860,1860,1860,1860,1860,1860,1860,1860,1860,1860,1860,1860,1860,1860,1860,1860,1860,1860,1860,1860,1860,1860,1860,1860
1860,1860,1860,1860,1860,1860,1860,1860,1860,1860,1860,124,125,126,1860,1860,1860,1860,1860,1860,1860,1860,1860,1860,1860,1860,1860,1860,1860,1860,1860,1860,1860,1860,1860,1860,1860,1860,1860,1860,1860,1860,1860,1860,124,125,126,1860,1860,1860,1860,1860,1860
1860,1860,1860,1860,1860,1860,1860,1860,1860,1860,1860,174,175,176,1860,1860,1860,1860,1529,1860,1860,1860,1860,1860,1860,1860,1860,1860,1860,1860,1860,1860,1860,1860,1860,1860,1860,1860,1860,1860,1860,1860,1860,1860,174,175,176,1860,1860,1860,1860,1860,1860
1860,1860,1860,1860,1860,1860,1860,1860,1860,1860,1860,1860,1860,1860,1860,1860,1860,1860,1860,1860,1860,1860,1860,1860,1860,1860,1860,1860,1860,1860,1860,1860,1860,1860,1860,1860,1860,1860,1860,1860,1860,1860,1860,1860,1860,1860,1860,1860,1860,124,125,126,1860
1860,1860,1860,1860,1860,1860,1860,1860,1860,1860,1860,1860,1860,1860,1860,1860,1860,1860,1860,1860,1860,1860,1860,1860,1860,1860,1860,1860,1860,1860,1860,1860,1860,1860,1860,1860,1860,1860,1860,1109,1860,1860,1860,1860,1860,1860,1860,1860,1860,174,175,176,1860
1860,1860,1472,1860,1860,1860,1860,1860,1860,1860,1860,1860,1860,1860,1860,1860,1860,1860,1860,1612,1612,1612,1860,1860,1860,1860,1860,1860,1860,1860,1860,1860,1860,1860,1860,1860,1860,1860,1860,1860,1860,1860,1860,1860,1860,1860,1860,1860,1860,1860,1860,1860,1860
1860,1860,1860,1860,1860,1860,1860,1860,1860,1860,1860,1860,1860,1860,1860,1860,1860,1860,1860,77,78,79,1860,1860,1860,1860,1860,1860,1860,1860,1860,1860,1860,1860,1860,1860,1860,1860,1860,1860,1860,1860,1860,1860,1860,1860,1860,1860,1860,1860,1860,1860,1860
1860,1860,1860,1860,1860,1860,1860,1860,1860,1860,1860,1860,1860,1860,1529,1860,1860,1860,1860,127,128,129,1860,1860,1860,1529,1860,1860,1860,1860,1860,1860,1860,1860,1860,1860,1860,1860,1860,1860,1860,1860,1860,1860,1860,1860,1860,1860,1860,1860,1860,1860,1860
1860,1860,1860,1860,1860,1860,1860,1860,1860,1860,1860,1860,1860,1860,1860,1860,1860,1928,1928,1464,1464,1464,1464,1464,1464,1464,1464,1464,1464,1464,1464,1464,1860,1860,1860,1860,1860,1860,1860,1860,1860,1860,1860,1860,1860,1860,1860,1860,1860,1860,1860,1860,1860
1860,1860,1860,1860,1860,1860,1860,1860,1860,1860,1860,1860,1860,1860,1860,1860,1860,1928,1928,1464,1464,1464,1464,1464,1464,1464,1464,1464,1464,1464,1464,1464,1860,1860,1860,1860,1860,1860,1860,1860,1860,1860,1860,1860,1860,1860,1860,1860,1860,1860,1860,1860,1860
1860,1860,1860,1860,1860,1860,1860,1860,1860,1860,1860,1860,1860,1860,1860,1860,1928,1928,1928,124,125,1513,125,1513,125,1513,125,1513,125,1513,125,126,1860,1860,1860,1860,1860,1860,1860,1860,1860,1860,1860,1860,124,125,1513,125,1513,125,1513,125,126
